realization,point_id,longitude,latitude,date,tmax,tmin,prcp_occ,prcp_amt,type_day
1,1,5629013.38714729,6141606.7329718,2015-12-15,25.5558663535331,15.1509400409523,0,0,Dry
1,2,5654013.38714729,6141606.7329718,2015-12-15,21.9095804068313,16.2123203670285,1,3.85655281483898,Wet
1,3,5679013.38714729,6141606.7329718,2015-12-15,20.3949154453603,13.0393782131663,1,0.618455661727516,Wet
1,4,5704013.38714729,6141606.7329718,2015-12-15,21.9880180396179,15.433067385317,1,4.19356874254054,Wet
1,5,5629013.38714729,6166606.7329718,2015-12-15,28.2626507811197,20.3604285657325,1,2.88250545950575,Wet
1,6,5654013.38714729,6166606.7329718,2015-12-15,23.5216835172082,16.501119873945,1,1.17696304162049,Wet
1,7,5679013.38714729,6166606.7329718,2015-12-15,24.8864021765913,16.3547905181651,1,3.12261981280148,Wet
1,8,5704013.38714729,6166606.7329718,2015-12-15,23.9355288414915,13.9565296108725,1,6.19850181444541,Wet
1,1,5629013.38714729,6141606.7329718,2015-12-16,29.1225979079434,15.9845557197266,0,0,Dry
1,2,5654013.38714729,6141606.7329718,2015-12-16,23.9925605973475,16.5987458293185,0,0,Dry
1,3,5679013.38714729,6141606.7329718,2015-12-16,24.9152258222635,16.9013418856783,0,0,Dry
1,4,5704013.38714729,6141606.7329718,2015-12-16,26.2611104771704,22.4620152687038,0,0,Dry
1,5,5629013.38714729,6166606.7329718,2015-12-16,28.9522591339992,21.4684164653369,0,0,Dry
1,6,5654013.38714729,6166606.7329718,2015-12-16,25.1999260860475,16.4157634494765,0,0,Dry
1,7,5679013.38714729,6166606.7329718,2015-12-16,27.0922799842126,20.5744850811277,0,0,Dry
1,8,5704013.38714729,6166606.7329718,2015-12-16,26.5127380096461,17.9664105331268,0,0,Dry
1,1,5629013.38714729,6141606.7329718,2015-12-17,32.4175775001037,17.6977046770198,0,0,Dry
1,2,5654013.38714729,6141606.7329718,2015-12-17,28.8395550261443,15.6481221482087,0,0,Dry
1,3,5679013.38714729,6141606.7329718,2015-12-17,29.544594407586,16.4723382282121,0,0,Dry
1,4,5704013.38714729,6141606.7329718,2015-12-17,32.0206895263787,20.6726507745351,0,0,Dry
1,5,5629013.38714729,6166606.7329718,2015-12-17,33.3836786786573,18.3644889523387,0,0,Dry
1,6,5654013.38714729,6166606.7329718,2015-12-17,33.0872206438508,18.0251892677837,0,0,Dry
1,7,5679013.38714729,6166606.7329718,2015-12-17,34.0774769634986,19.7711359456187,0,0,Dry
1,8,5704013.38714729,6166606.7329718,2015-12-17,33.2262334541352,18.2546083767679,0,0,Dry
1,1,5629013.38714729,6141606.7329718,2015-12-18,29.894213200111,16.4389937826795,0,0,Dry
1,2,5654013.38714729,6141606.7329718,2015-12-18,28.241303090853,14.2961242652943,0,0,Dry
1,3,5679013.38714729,6141606.7329718,2015-12-18,30.6064447358347,16.6334247746358,0,0,Dry
1,4,5704013.38714729,6141606.7329718,2015-12-18,27.043793214042,20.0767580975082,0,0,Dry
1,5,5629013.38714729,6166606.7329718,2015-12-18,28.3368906777335,17.7484978137589,0,0,Dry
1,6,5654013.38714729,6166606.7329718,2015-12-18,30.6238439556362,16.0278569060035,0,0,Dry
1,7,5679013.38714729,6166606.7329718,2015-12-18,30.675685771249,15.3691819190373,0,0,Dry
1,8,5704013.38714729,6166606.7329718,2015-12-18,27.4507029280636,17.4949621472315,0,0,Dry
1,1,5629013.38714729,6141606.7329718,2015-12-19,26.6408244109714,18.8694099257501,0,0,Dry
1,2,5654013.38714729,6141606.7329718,2015-12-19,26.0663241609826,13.7173259918568,0,0,Dry
1,3,5679013.38714729,6141606.7329718,2015-12-19,31.6006878521103,18.0217989557147,1,0.965805830112959,Wet
1,4,5704013.38714729,6141606.7329718,2015-12-19,26.5466960138784,15.1524502831623,0,0,Dry
1,5,5629013.38714729,6166606.7329718,2015-12-19,29.5916166446545,21.4569215600016,0,0,Dry
1,6,5654013.38714729,6166606.7329718,2015-12-19,30.5787264764038,20.6691673971933,0,0,Dry
1,7,5679013.38714729,6166606.7329718,2015-12-19,30.4725438449167,19.2858938123093,1,3.62654117056034,Wet
1,8,5704013.38714729,6166606.7329718,2015-12-19,25.1829741429768,20.2125665280963,1,3.78611402825641,Wet
1,1,5629013.38714729,6141606.7329718,2015-12-20,31.8890571584772,20.6894399693192,0,0,Dry
1,2,5654013.38714729,6141606.7329718,2015-12-20,27.5331793693963,17.3529964063313,1,19.0020895381546,Wet
1,3,5679013.38714729,6141606.7329718,2015-12-20,28.4669059963026,21.9644518907683,1,5.64352263401972,Wet
1,4,5704013.38714729,6141606.7329718,2015-12-20,29.1186442717267,19.646641151712,0,0,Dry
1,5,5629013.38714729,6166606.7329718,2015-12-20,28.8442624843754,17.393793710119,0,0,Dry
1,6,5654013.38714729,6166606.7329718,2015-12-20,31.9083995639198,17.8879426187557,0,0,Dry
1,7,5679013.38714729,6166606.7329718,2015-12-20,29.7917543302169,21.4084359569736,0,0,Dry
1,8,5704013.38714729,6166606.7329718,2015-12-20,27.9556530594313,21.4964524025347,0,0,Dry
1,1,5629013.38714729,6141606.7329718,2015-12-21,31.3961350559422,17.6680360024167,0,0,Dry
1,2,5654013.38714729,6141606.7329718,2015-12-21,24.1831815071987,14.5246191788404,0,0,Dry
1,3,5679013.38714729,6141606.7329718,2015-12-21,28.8680597079122,23.52630246437,1,2.65344201992849,Wet
1,4,5704013.38714729,6141606.7329718,2015-12-21,31.996637277954,20.7160557527616,0,0,Dry
1,5,5629013.38714729,6166606.7329718,2015-12-21,28.3098023469093,16.0506050629599,0,0,Dry
1,6,5654013.38714729,6166606.7329718,2015-12-21,30.0351666463574,17.8804284163953,0,0,Dry
1,7,5679013.38714729,6166606.7329718,2015-12-21,29.1227929692708,18.7397911658626,0,0,Dry
1,8,5704013.38714729,6166606.7329718,2015-12-21,32.4401219645623,22.7466685620719,0,0,Dry
1,1,5629013.38714729,6141606.7329718,2015-12-22,25.2332324873231,10.8462627284081,0,0,Dry
1,2,5654013.38714729,6141606.7329718,2015-12-22,21.2596748226211,8.75646066288801,0,0,Dry
1,3,5679013.38714729,6141606.7329718,2015-12-22,24.9533618831443,16.7474895003589,0,0,Dry
1,4,5704013.38714729,6141606.7329718,2015-12-22,30.8005737713049,17.8053704539321,0,0,Dry
1,5,5629013.38714729,6166606.7329718,2015-12-22,28.3300044268276,9.05983372576267,0,0,Dry
1,6,5654013.38714729,6166606.7329718,2015-12-22,29.1161105349835,12.5879146182034,0,0,Dry
1,7,5679013.38714729,6166606.7329718,2015-12-22,28.3329915507027,14.7916848910452,0,0,Dry
1,8,5704013.38714729,6166606.7329718,2015-12-22,30.5285043794462,18.4772906134552,0,0,Dry
1,1,5629013.38714729,6141606.7329718,2015-12-23,27.5252633139537,13.4472114967172,0,0,Dry
1,2,5654013.38714729,6141606.7329718,2015-12-23,25.140944784297,8.88909357612687,0,0,Dry
1,3,5679013.38714729,6141606.7329718,2015-12-23,26.4287191566078,9.11183176780841,0,0,Dry
1,4,5704013.38714729,6141606.7329718,2015-12-23,27.1736643782053,11.4302227551548,0,0,Dry
1,5,5629013.38714729,6166606.7329718,2015-12-23,32.3507921945622,13.6458377229263,0,0,Dry
1,6,5654013.38714729,6166606.7329718,2015-12-23,27.430662847646,9.98641010404198,0,0,Dry
1,7,5679013.38714729,6166606.7329718,2015-12-23,26.4631806194977,11.0505700522584,0,0,Dry
1,8,5704013.38714729,6166606.7329718,2015-12-23,28.1081565325775,13.2966981933266,0,0,Dry
1,1,5629013.38714729,6141606.7329718,2015-12-24,30.2182359498738,16.7032040392907,1,48.0508371900497,Wet
1,2,5654013.38714729,6141606.7329718,2015-12-24,28.6700224961069,14.785096621555,1,25.0908458454101,Wet
1,3,5679013.38714729,6141606.7329718,2015-12-24,28.9716078720214,15.966033539013,1,14.1883019903774,Wet
1,4,5704013.38714729,6141606.7329718,2015-12-24,31.5610166295283,17.6376320967358,1,16.8360437703545,Wet
1,5,5629013.38714729,6166606.7329718,2015-12-24,32.6432978765168,19.6247917588683,1,45.6948152348278,Wet
1,6,5654013.38714729,6166606.7329718,2015-12-24,31.1647053987048,13.8622429677957,1,55.7914826027958,Wet
1,7,5679013.38714729,6166606.7329718,2015-12-24,27.6044279876558,13.8294688991082,1,36.7701713403271,Wet
1,8,5704013.38714729,6166606.7329718,2015-12-24,31.6370626309873,18.3160006187381,1,9.52535190218737,Wet
1,1,5629013.38714729,6141606.7329718,2015-12-25,30.1553099346867,20.6758978277307,1,10.1030157856339,Wet
1,2,5654013.38714729,6141606.7329718,2015-12-25,27.3909804616038,18.3852882686898,1,25.6118233503549,Wet
1,3,5679013.38714729,6141606.7329718,2015-12-25,31.0438619316374,20.4041996364637,1,8.82863498364842,Wet
1,4,5704013.38714729,6141606.7329718,2015-12-25,30.9344178271596,18.695979375653,0,0,Dry
1,5,5629013.38714729,6166606.7329718,2015-12-25,27.4110593332167,21.5596218176734,1,5.16932575934867,Wet
1,6,5654013.38714729,6166606.7329718,2015-12-25,30.9554264118589,18.3776380610282,1,12.4064175354405,Wet
1,7,5679013.38714729,6166606.7329718,2015-12-25,30.4935143370464,17.0876406796483,1,10.1467465051311,Wet
1,8,5704013.38714729,6166606.7329718,2015-12-25,32.6485704025875,16.7441943747159,0,0,Dry
1,1,5629013.38714729,6141606.7329718,2015-12-26,22.7830883544841,17.6429399240347,1,3.424556919083,Wet
1,2,5654013.38714729,6141606.7329718,2015-12-26,28.2160254817042,15.542609613167,0,0,Dry
1,3,5679013.38714729,6141606.7329718,2015-12-26,30.1520975950035,15.6310298196491,0,0,Dry
1,4,5704013.38714729,6141606.7329718,2015-12-26,32.0744084062982,17.2538519390691,0,0,Dry
1,5,5629013.38714729,6166606.7329718,2015-12-26,27.2678396179618,17.768595203309,0,0,Dry
1,6,5654013.38714729,6166606.7329718,2015-12-26,32.8782595037349,17.5872957102485,0,0,Dry
1,7,5679013.38714729,6166606.7329718,2015-12-26,31.4785188455971,14.7363591517442,0,0,Dry
1,8,5704013.38714729,6166606.7329718,2015-12-26,32.1529562666412,15.0636034681488,0,0,Dry
1,1,5629013.38714729,6141606.7329718,2015-12-27,25.8320366017661,18.835265592365,1,14.8753367122609,Wet
1,2,5654013.38714729,6141606.7329718,2015-12-27,26.6779312453267,15.9001316677537,0,0,Dry
1,3,5679013.38714729,6141606.7329718,2015-12-27,27.9635374462104,17.524177376618,0,0,Dry
1,4,5704013.38714729,6141606.7329718,2015-12-27,29.8794140068948,14.6673081361089,0,0,Dry
1,5,5629013.38714729,6166606.7329718,2015-12-27,27.5269881385053,16.7238271839902,0,0,Dry
1,6,5654013.38714729,6166606.7329718,2015-12-27,26.9082630826209,18.9641797132679,0,0,Dry
1,7,5679013.38714729,6166606.7329718,2015-12-27,29.5024818174353,18.0286692900189,0,0,Dry
1,8,5704013.38714729,6166606.7329718,2015-12-27,29.0156209849072,17.566577918452,0,0,Dry
1,1,5629013.38714729,6141606.7329718,2015-12-28,23.9274917572181,18.2563140865731,1,11.538502654223,Wet
1,2,5654013.38714729,6141606.7329718,2015-12-28,32.8498361722832,16.8577233433592,0,0,Dry
1,3,5679013.38714729,6141606.7329718,2015-12-28,30.7638312022818,19.6759302765468,0,0,Dry
1,4,5704013.38714729,6141606.7329718,2015-12-28,26.6496083981568,18.4197728861283,0,0,Dry
1,5,5629013.38714729,6166606.7329718,2015-12-28,34.9641692401689,20.2707441099795,0,0,Dry
1,6,5654013.38714729,6166606.7329718,2015-12-28,33.6570626849336,21.5477233260611,0,0,Dry
1,7,5679013.38714729,6166606.7329718,2015-12-28,32.1710827259619,21.4380431579468,0,0,Dry
1,8,5704013.38714729,6166606.7329718,2015-12-28,23.5231884126282,18.2051167878106,0,0,Dry
1,1,5629013.38714729,6141606.7329718,2015-12-29,27.2790293507399,18.6379760547048,1,12.3608352284924,Wet
1,2,5654013.38714729,6141606.7329718,2015-12-29,26.4038132254887,12.984784620465,0,0,Dry
1,3,5679013.38714729,6141606.7329718,2015-12-29,25.6104289974982,11.164010211419,0,0,Dry
1,4,5704013.38714729,6141606.7329718,2015-12-29,25.7655887724576,13.6850204123607,0,0,Dry
1,5,5629013.38714729,6166606.7329718,2015-12-29,39.5919462520693,26.6219501178242,1,17.2288297206846,Wet
1,6,5654013.38714729,6166606.7329718,2015-12-29,37.5597439137457,23.5959675542088,1,13.3467759790525,Wet
1,7,5679013.38714729,6166606.7329718,2015-12-29,25.3436508601763,12.8308394079139,0,0,Dry
1,8,5704013.38714729,6166606.7329718,2015-12-29,28.7918190443527,20.4339298687918,1,1.01893952498297,Wet
1,1,5629013.38714729,6141606.7329718,2015-12-30,31.2736928561846,16.210736683213,0,0,Dry
1,2,5654013.38714729,6141606.7329718,2015-12-30,30.9617962250285,15.9919680493687,0,0,Dry
1,3,5679013.38714729,6141606.7329718,2015-12-30,28.6103235565135,14.8299373410707,0,0,Dry
1,4,5704013.38714729,6141606.7329718,2015-12-30,30.9658222763933,17.2627143970366,0,0,Dry
1,5,5629013.38714729,6166606.7329718,2015-12-30,38.5387415341713,21.5739136202752,0,0,Dry
1,6,5654013.38714729,6166606.7329718,2015-12-30,35.9196057844437,21.1030634883111,0,0,Dry
1,7,5679013.38714729,6166606.7329718,2015-12-30,26.2686015269187,15.9335482470864,0,0,Dry
1,8,5704013.38714729,6166606.7329718,2015-12-30,30.8597902962002,19.5493204567785,0,0,Dry
1,1,5629013.38714729,6141606.7329718,2015-12-31,32.5590201029583,14.4811628246756,0,0,Dry
1,2,5654013.38714729,6141606.7329718,2015-12-31,27.7622352892347,19.4293198701303,1,3.999905672974,Wet
1,3,5679013.38714729,6141606.7329718,2015-12-31,26.5227758339988,16.8140223394834,1,11.5452552575212,Wet
1,4,5704013.38714729,6141606.7329718,2015-12-31,31.0782968690768,14.1704962052252,0,0,Dry
1,5,5629013.38714729,6166606.7329718,2015-12-31,36.1058569443588,18.7855611392744,0,0,Dry
1,6,5654013.38714729,6166606.7329718,2015-12-31,32.2970606723889,16.4945881787788,0,0,Dry
1,7,5679013.38714729,6166606.7329718,2015-12-31,29.5553182013307,13.332323644722,0,0,Dry
1,8,5704013.38714729,6166606.7329718,2015-12-31,31.8603854060531,14.6168824738363,0,0,Dry
1,1,5629013.38714729,6141606.7329718,2016-01-01,32.6210026196954,20.7383481022131,0,0,Dry
1,2,5654013.38714729,6141606.7329718,2016-01-01,29.3602229779715,19.3274355811117,0,0,Dry
1,3,5679013.38714729,6141606.7329718,2016-01-01,27.165292735321,15.1308587287095,0,0,Dry
1,4,5704013.38714729,6141606.7329718,2016-01-01,28.832543255061,13.3045496481494,0,0,Dry
1,5,5629013.38714729,6166606.7329718,2016-01-01,34.834805880531,20.6162824038388,0,0,Dry
1,6,5654013.38714729,6166606.7329718,2016-01-01,32.709862870309,17.4071477816021,0,0,Dry
1,7,5679013.38714729,6166606.7329718,2016-01-01,28.4328931684267,14.877146130388,0,0,Dry
1,8,5704013.38714729,6166606.7329718,2016-01-01,26.9418622901204,12.6420820038413,0,0,Dry
1,1,5629013.38714729,6141606.7329718,2016-01-02,31.4690286060963,17.2507018217175,0,0,Dry
1,2,5654013.38714729,6141606.7329718,2016-01-02,32.507665009962,19.7047187509061,1,2.21648672993459,Wet
1,3,5679013.38714729,6141606.7329718,2016-01-02,30.8642116696148,18.7002415195316,1,17.1826502853091,Wet
1,4,5704013.38714729,6141606.7329718,2016-01-02,29.6988307646517,16.2657209004625,0,0,Dry
1,5,5629013.38714729,6166606.7329718,2016-01-02,31.594419074388,18.7556642215341,0,0,Dry
1,6,5654013.38714729,6166606.7329718,2016-01-02,36.4305683429829,21.7071906443828,1,10.4017627798999,Wet
1,7,5679013.38714729,6166606.7329718,2016-01-02,31.1930133622178,19.8136672324641,1,17.9455737716956,Wet
1,8,5704013.38714729,6166606.7329718,2016-01-02,29.3047102234491,13.4391757171927,1,14.1885911952577,Wet
1,1,5629013.38714729,6141606.7329718,2016-01-03,35.1911246178364,20.289818377401,0,0,Dry
1,2,5654013.38714729,6141606.7329718,2016-01-03,29.1118562488381,19.0240930798085,1,0.0358737542774949,Wet
1,3,5679013.38714729,6141606.7329718,2016-01-03,34.5294712866533,20.9563569227488,0,0,Dry
1,4,5704013.38714729,6141606.7329718,2016-01-03,29.7750840882127,19.9866425772515,0,0,Dry
1,5,5629013.38714729,6166606.7329718,2016-01-03,35.2499480333172,18.9161510182707,0,0,Dry
1,6,5654013.38714729,6166606.7329718,2016-01-03,29.4265679587963,18.3875238871202,1,0.106368974152048,Wet
1,7,5679013.38714729,6166606.7329718,2016-01-03,28.2891107119566,15.0640531237434,1,0.109164253748456,Wet
1,8,5704013.38714729,6166606.7329718,2016-01-03,24.3792010708597,11.0795915475127,1,0.441152710409358,Wet
1,1,5629013.38714729,6141606.7329718,2016-01-04,40.9740474538232,26.9654611449182,1,29.9461861598101,Wet
1,2,5654013.38714729,6141606.7329718,2016-01-04,37.2072104673531,24.0432319567893,1,30.600542347531,Wet
1,3,5679013.38714729,6141606.7329718,2016-01-04,37.8791306710422,29.7743032728865,0,0,Dry
1,4,5704013.38714729,6141606.7329718,2016-01-04,35.0456032899041,25.3300388933499,0,0,Dry
1,5,5629013.38714729,6166606.7329718,2016-01-04,32.8213199666412,23.7279024536673,0,0,Dry
1,6,5654013.38714729,6166606.7329718,2016-01-04,35.4441413109609,22.2671787399608,1,87.4276328792548,Wet
1,7,5679013.38714729,6166606.7329718,2016-01-04,32.4512362875067,19.6765965164627,1,27.314507124234,Wet
1,8,5704013.38714729,6166606.7329718,2016-01-04,29.1698557469241,17.6310909131887,1,25.2038091058965,Wet
1,1,5629013.38714729,6141606.7329718,2016-01-05,41.1274181967731,24.3834175152136,0,0,Dry
1,2,5654013.38714729,6141606.7329718,2016-01-05,40.7226875973496,25.4204110598549,0,0,Dry
1,3,5679013.38714729,6141606.7329718,2016-01-05,43.4941512759886,27.855298544276,0,0,Dry
1,4,5704013.38714729,6141606.7329718,2016-01-05,39.5529109311337,26.1038063230769,0,0,Dry
1,5,5629013.38714729,6166606.7329718,2016-01-05,38.8789004744555,23.5852547512577,0,0,Dry
1,6,5654013.38714729,6166606.7329718,2016-01-05,34.8211255951619,19.0661773421745,1,2.48340645210056,Wet
1,7,5679013.38714729,6166606.7329718,2016-01-05,37.1173864726008,17.9056006330076,1,14.3457058717837,Wet
1,8,5704013.38714729,6166606.7329718,2016-01-05,30.6947332017965,16.5486187285957,0,0,Dry
1,1,5629013.38714729,6141606.7329718,2016-01-06,39.6665497074035,22.8335386489082,0,0,Dry
1,2,5654013.38714729,6141606.7329718,2016-01-06,37.0271937717679,22.6883007912037,0,0,Dry
1,3,5679013.38714729,6141606.7329718,2016-01-06,39.2960869786182,23.5184536165011,0,0,Dry
1,4,5704013.38714729,6141606.7329718,2016-01-06,37.4910795804182,23.4843964084051,0,0,Dry
1,5,5629013.38714729,6166606.7329718,2016-01-06,39.8910812858481,24.5149547260733,0,0,Dry
1,6,5654013.38714729,6166606.7329718,2016-01-06,34.5657890132335,18.4619989989955,0,0,Dry
1,7,5679013.38714729,6166606.7329718,2016-01-06,35.3015045917804,18.6194359946015,0,0,Dry
1,8,5704013.38714729,6166606.7329718,2016-01-06,28.6605780869884,18.3380325024692,0,0,Dry
1,1,5629013.38714729,6141606.7329718,2016-01-07,37.901985441381,23.3270314087236,0,0,Dry
1,2,5654013.38714729,6141606.7329718,2016-01-07,36.7270426353856,24.81476726308,0,0,Dry
1,3,5679013.38714729,6141606.7329718,2016-01-07,36.9804105966345,25.8554249068099,0,0,Dry
1,4,5704013.38714729,6141606.7329718,2016-01-07,37.1743325339137,20.6601512554855,1,0.0784214900359956,Wet
1,5,5629013.38714729,6166606.7329718,2016-01-07,38.8165589020988,27.3067230146137,1,0.755014958701781,Wet
1,6,5654013.38714729,6166606.7329718,2016-01-07,33.9003782444669,22.9644905490312,0,0,Dry
1,7,5679013.38714729,6166606.7329718,2016-01-07,32.5401642772547,21.0135375602051,0,0,Dry
1,8,5704013.38714729,6166606.7329718,2016-01-07,29.5531283135094,20.8841805281206,0,0,Dry
1,1,5629013.38714729,6141606.7329718,2016-01-08,34.5977552833643,22.0631028081165,0,0,Dry
1,2,5654013.38714729,6141606.7329718,2016-01-08,33.0173926704759,19.7869969655627,0,0,Dry
1,3,5679013.38714729,6141606.7329718,2016-01-08,38.8824173355343,29.3700708398842,1,18.6703733697575,Wet
1,4,5704013.38714729,6141606.7329718,2016-01-08,33.9621343273067,25.5768816205114,1,2.39532307512315,Wet
1,5,5629013.38714729,6166606.7329718,2016-01-08,31.1573112705628,23.2537648627263,0,0,Dry
1,6,5654013.38714729,6166606.7329718,2016-01-08,28.9375311663743,19.8839250970421,0,0,Dry
1,7,5679013.38714729,6166606.7329718,2016-01-08,26.9208037354933,18.6375447399702,0,0,Dry
1,8,5704013.38714729,6166606.7329718,2016-01-08,30.7551760032098,20.8556681332871,0,0,Dry
1,1,5629013.38714729,6141606.7329718,2016-01-09,36.9389476063716,27.4353594903608,1,7.03103329366391,Wet
1,2,5654013.38714729,6141606.7329718,2016-01-09,27.1800720504623,16.6811680753941,0,0,Dry
1,3,5679013.38714729,6141606.7329718,2016-01-09,37.7025532845268,26.7135704779888,1,12.0206833068962,Wet
1,4,5704013.38714729,6141606.7329718,2016-01-09,34.5413318947128,21.220107815344,1,18.8652232006966,Wet
1,5,5629013.38714729,6166606.7329718,2016-01-09,35.137633116326,25.3496343417716,1,11.2299935929249,Wet
1,6,5654013.38714729,6166606.7329718,2016-01-09,23.4931736058863,15.2602415440761,0,0,Dry
1,7,5679013.38714729,6166606.7329718,2016-01-09,33.1830853692732,23.3086137279971,1,20.013595579483,Wet
1,8,5704013.38714729,6166606.7329718,2016-01-09,24.2264068120057,16.3768509554608,0,0,Dry
1,1,5629013.38714729,6141606.7329718,2016-01-10,34.3994767670499,22.883940056012,0,0,Dry
1,2,5654013.38714729,6141606.7329718,2016-01-10,32.7734463967786,15.6735744705957,0,0,Dry
1,3,5679013.38714729,6141606.7329718,2016-01-10,34.1636378491171,21.470303295061,0,0,Dry
1,4,5704013.38714729,6141606.7329718,2016-01-10,33.0507167361651,18.2562973790357,0,0,Dry
1,5,5629013.38714729,6166606.7329718,2016-01-10,34.085045970401,23.2317020563325,0,0,Dry
1,6,5654013.38714729,6166606.7329718,2016-01-10,30.8615466992856,17.0662871372778,0,0,Dry
1,7,5679013.38714729,6166606.7329718,2016-01-10,35.2953641404983,22.3397378574412,0,0,Dry
1,8,5704013.38714729,6166606.7329718,2016-01-10,30.4104375729715,17.2440037901044,0,0,Dry
1,1,5629013.38714729,6141606.7329718,2016-01-11,35.081208104603,23.225929513635,0,0,Dry
1,2,5654013.38714729,6141606.7329718,2016-01-11,34.0051721646463,20.293348174055,0,0,Dry
1,3,5679013.38714729,6141606.7329718,2016-01-11,34.1870307555599,19.9065158815929,0,0,Dry
1,4,5704013.38714729,6141606.7329718,2016-01-11,34.3350345374468,17.8824400193934,0,0,Dry
1,5,5629013.38714729,6166606.7329718,2016-01-11,34.4623051347759,27.7190011125949,0,0,Dry
1,6,5654013.38714729,6166606.7329718,2016-01-11,34.009432229934,23.2961197976311,0,0,Dry
1,7,5679013.38714729,6166606.7329718,2016-01-11,33.4309844955272,21.7145504216289,0,0,Dry
1,8,5704013.38714729,6166606.7329718,2016-01-11,29.3607284902582,16.3161671615167,0,0,Dry
1,1,5629013.38714729,6141606.7329718,2016-01-12,33.7765068612251,21.6485516644757,0,0,Dry
1,2,5654013.38714729,6141606.7329718,2016-01-12,34.9860511826723,20.554613926702,0,0,Dry
1,3,5679013.38714729,6141606.7329718,2016-01-12,36.9501498771327,17.6901174624434,0,0,Dry
1,4,5704013.38714729,6141606.7329718,2016-01-12,35.030790004717,16.6520805553955,0,0,Dry
1,5,5629013.38714729,6166606.7329718,2016-01-12,34.9728976983362,21.3477152462624,0,0,Dry
1,6,5654013.38714729,6166606.7329718,2016-01-12,37.1173816211851,21.342996361816,0,0,Dry
1,7,5679013.38714729,6166606.7329718,2016-01-12,34.6701749479502,16.68312789079,0,0,Dry
1,8,5704013.38714729,6166606.7329718,2016-01-12,32.1769018173834,13.7610049307752,0,0,Dry
1,1,5629013.38714729,6141606.7329718,2016-01-13,33.2286266130424,19.5706552428101,0,0,Dry
1,2,5654013.38714729,6141606.7329718,2016-01-13,32.2671457852466,18.6876807122685,0,0,Dry
1,3,5679013.38714729,6141606.7329718,2016-01-13,34.7773898870913,22.022524955434,0,0,Dry
1,4,5704013.38714729,6141606.7329718,2016-01-13,29.8167472763589,22.99746694222,1,2.89288355370961,Wet
1,5,5629013.38714729,6166606.7329718,2016-01-13,35.9446781402294,23.7721109009841,0,0,Dry
1,6,5654013.38714729,6166606.7329718,2016-01-13,33.2493700300184,21.9102048029467,0,0,Dry
1,7,5679013.38714729,6166606.7329718,2016-01-13,33.2640269433469,20.4005512365119,0,0,Dry
1,8,5704013.38714729,6166606.7329718,2016-01-13,31.9378016743837,19.607204792193,0,0,Dry
1,1,5629013.38714729,6141606.7329718,2016-01-14,34.9377767821144,24.5062517305059,0,0,Dry
1,2,5654013.38714729,6141606.7329718,2016-01-14,34.059002526268,21.4759879505306,0,0,Dry
1,3,5679013.38714729,6141606.7329718,2016-01-14,39.0534127812435,22.4567266894576,0,0,Dry
1,4,5704013.38714729,6141606.7329718,2016-01-14,33.1168364249951,22.7873101693384,1,24.4282636894932,Wet
1,5,5629013.38714729,6166606.7329718,2016-01-14,36.5276148206907,24.0033742472085,0,0,Dry
1,6,5654013.38714729,6166606.7329718,2016-01-14,34.1399350303332,21.772436926601,0,0,Dry
1,7,5679013.38714729,6166606.7329718,2016-01-14,34.9338468466192,18.9971631277924,0,0,Dry
1,8,5704013.38714729,6166606.7329718,2016-01-14,34.4450998588663,21.1830456074055,0,0,Dry
1,1,5629013.38714729,6141606.7329718,2016-01-15,30.7773898525676,18.8343533344979,0,0,Dry
1,2,5654013.38714729,6141606.7329718,2016-01-15,28.8473692450813,18.3841881073245,0,0,Dry
1,3,5679013.38714729,6141606.7329718,2016-01-15,33.923101608298,22.2498710305765,0,0,Dry
1,4,5704013.38714729,6141606.7329718,2016-01-15,29.6545476742087,19.9277371561536,0,0,Dry
1,5,5629013.38714729,6166606.7329718,2016-01-15,34.4666172440225,19.3768907855254,0,0,Dry
1,6,5654013.38714729,6166606.7329718,2016-01-15,28.4055702799986,18.7752753915781,0,0,Dry
1,7,5679013.38714729,6166606.7329718,2016-01-15,31.8089299646183,18.6497296643184,0,0,Dry
1,8,5704013.38714729,6166606.7329718,2016-01-15,32.117037428613,20.0458963345073,0,0,Dry
2,1,5629013.38714729,6141606.7329718,2015-12-15,24.3416745690961,15.7478316717315,1,22.8949500697487,Wet
2,2,5654013.38714729,6141606.7329718,2015-12-15,25.8426392124971,15.5097383601546,1,8.3034363192804,Wet
2,3,5679013.38714729,6141606.7329718,2015-12-15,23.6711175590899,14.5019623349,1,21.8507560177851,Wet
2,4,5704013.38714729,6141606.7329718,2015-12-15,20.1244057854214,9.57087547606474,1,9.56934336658555,Wet
2,5,5629013.38714729,6166606.7329718,2015-12-15,22.2065795060517,16.3472626339616,1,4.40803012156117,Wet
2,6,5654013.38714729,6166606.7329718,2015-12-15,26.5295280097242,16.0229816126408,1,8.41943276782006,Wet
2,7,5679013.38714729,6166606.7329718,2015-12-15,23.2179875145039,13.4012144638301,1,2.36292686389616,Wet
2,8,5704013.38714729,6166606.7329718,2015-12-15,20.0438740118255,9.95111357825013,1,7.02331350278104,Wet
2,1,5629013.38714729,6141606.7329718,2015-12-16,24.4808171646218,14.4284395215429,0,0,Dry
2,2,5654013.38714729,6141606.7329718,2015-12-16,24.895760959035,16.8852509854558,1,0.929660915333527,Wet
2,3,5679013.38714729,6141606.7329718,2015-12-16,25.0265987989927,10.925398278747,0,0,Dry
2,4,5704013.38714729,6141606.7329718,2015-12-16,23.0308826718909,9.51736552558462,0,0,Dry
2,5,5629013.38714729,6166606.7329718,2015-12-16,21.4454491486803,12.3658178132477,0,0,Dry
2,6,5654013.38714729,6166606.7329718,2015-12-16,26.5411237767109,12.4470032159231,0,0,Dry
2,7,5679013.38714729,6166606.7329718,2015-12-16,25.6117131666341,12.4643779802137,0,0,Dry
2,8,5704013.38714729,6166606.7329718,2015-12-16,24.51167782981,11.5334929256355,0,0,Dry
2,1,5629013.38714729,6141606.7329718,2015-12-17,23.1616228064996,9.87440651719004,0,0,Dry
2,2,5654013.38714729,6141606.7329718,2015-12-17,19.4601418721739,7.83917123278732,0,0,Dry
2,3,5679013.38714729,6141606.7329718,2015-12-17,25.0095373417267,10.3007306660346,0,0,Dry
2,4,5704013.38714729,6141606.7329718,2015-12-17,25.0138507499993,8.31996624955361,0,0,Dry
2,5,5629013.38714729,6166606.7329718,2015-12-17,22.7484728509252,11.8833852270782,0,0,Dry
2,6,5654013.38714729,6166606.7329718,2015-12-17,25.72357568522,12.1505778323787,0,0,Dry
2,7,5679013.38714729,6166606.7329718,2015-12-17,24.0234434953944,9.72861729303328,0,0,Dry
2,8,5704013.38714729,6166606.7329718,2015-12-17,23.5681654611849,8.45256663283585,0,0,Dry
2,1,5629013.38714729,6141606.7329718,2015-12-18,32.347850699751,12.3592070284954,0,0,Dry
2,2,5654013.38714729,6141606.7329718,2015-12-18,29.720423014094,14.8389192446882,0,0,Dry
2,3,5679013.38714729,6141606.7329718,2015-12-18,26.4786822935222,14.8380422731157,0,0,Dry
2,4,5704013.38714729,6141606.7329718,2015-12-18,27.5409242459064,15.032193497278,0,0,Dry
2,5,5629013.38714729,6166606.7329718,2015-12-18,31.0749945505192,16.1353149467676,0,0,Dry
2,6,5654013.38714729,6166606.7329718,2015-12-18,31.5383026162718,16.4506352333417,0,0,Dry
2,7,5679013.38714729,6166606.7329718,2015-12-18,26.8550135292672,13.9550678750999,0,0,Dry
2,8,5704013.38714729,6166606.7329718,2015-12-18,22.4275328959151,12.4261474818521,0,0,Dry
2,1,5629013.38714729,6141606.7329718,2015-12-19,28.2574493504683,12.3556722888183,0,0,Dry
2,2,5654013.38714729,6141606.7329718,2015-12-19,26.1800735518826,10.8803916711639,0,0,Dry
2,3,5679013.38714729,6141606.7329718,2015-12-19,27.8312146006697,12.3685485903753,0,0,Dry
2,4,5704013.38714729,6141606.7329718,2015-12-19,29.8486493618467,13.8524044451311,0,0,Dry
2,5,5629013.38714729,6166606.7329718,2015-12-19,32.7821155734008,16.6323219011488,0,0,Dry
2,6,5654013.38714729,6166606.7329718,2015-12-19,32.316095725041,19.2753813060327,0,0,Dry
2,7,5679013.38714729,6166606.7329718,2015-12-19,31.3753868821944,15.5716248130013,0,0,Dry
2,8,5704013.38714729,6166606.7329718,2015-12-19,29.6635790323717,16.9257064003417,0,0,Dry
2,1,5629013.38714729,6141606.7329718,2015-12-20,33.7817234668882,14.9913350053179,0,0,Dry
2,2,5654013.38714729,6141606.7329718,2015-12-20,34.1902923701058,15.4631092881451,0,0,Dry
2,3,5679013.38714729,6141606.7329718,2015-12-20,29.9675010075486,13.0173418210425,0,0,Dry
2,4,5704013.38714729,6141606.7329718,2015-12-20,31.9604097817192,17.147342300565,0,0,Dry
2,5,5629013.38714729,6166606.7329718,2015-12-20,35.4546859614985,16.1837678236723,0,0,Dry
2,6,5654013.38714729,6166606.7329718,2015-12-20,36.1345974322506,17.5747274355001,0,0,Dry
2,7,5679013.38714729,6166606.7329718,2015-12-20,32.3933507762645,15.783527698058,0,0,Dry
2,8,5704013.38714729,6166606.7329718,2015-12-20,34.2142914452084,17.3668088775948,0,0,Dry
2,1,5629013.38714729,6141606.7329718,2015-12-21,30.1622227271936,21.1910994347893,0,0,Dry
2,2,5654013.38714729,6141606.7329718,2015-12-21,31.0537977004694,23.3075671086164,0,0,Dry
2,3,5679013.38714729,6141606.7329718,2015-12-21,24.3952601145807,18.2531598539124,0,0,Dry
2,4,5704013.38714729,6141606.7329718,2015-12-21,26.4982740043871,18.1117584336037,0,0,Dry
2,5,5629013.38714729,6166606.7329718,2015-12-21,28.875066581136,19.3915451584983,0,0,Dry
2,6,5654013.38714729,6166606.7329718,2015-12-21,30.1410070823683,22.5554842728507,0,0,Dry
2,7,5679013.38714729,6166606.7329718,2015-12-21,27.6777428411913,17.695821868587,0,0,Dry
2,8,5704013.38714729,6166606.7329718,2015-12-21,25.9020782478349,17.349790574279,0,0,Dry
2,1,5629013.38714729,6141606.7329718,2015-12-22,24.0827776390032,14.7317039521942,0,0,Dry
2,2,5654013.38714729,6141606.7329718,2015-12-22,25.6000978852519,13.9996465771301,0,0,Dry
2,3,5679013.38714729,6141606.7329718,2015-12-22,23.4308071875626,13.8617001057194,0,0,Dry
2,4,5704013.38714729,6141606.7329718,2015-12-22,22.8372871475913,12.2397784925045,0,0,Dry
2,5,5629013.38714729,6166606.7329718,2015-12-22,23.7935469592632,14.7854737836023,0,0,Dry
2,6,5654013.38714729,6166606.7329718,2015-12-22,24.4165640532516,17.8622459571527,0,0,Dry
2,7,5679013.38714729,6166606.7329718,2015-12-22,25.571983127289,18.2728699171715,0,0,Dry
2,8,5704013.38714729,6166606.7329718,2015-12-22,23.3527311085768,15.8114478873915,0,0,Dry
2,1,5629013.38714729,6141606.7329718,2015-12-23,28.3150475285082,17.5517950238524,0,0,Dry
2,2,5654013.38714729,6141606.7329718,2015-12-23,29.0999966956062,20.6701077074791,0,0,Dry
2,3,5679013.38714729,6141606.7329718,2015-12-23,27.4175193094404,19.3879556500355,0,0,Dry
2,4,5704013.38714729,6141606.7329718,2015-12-23,26.5955629295206,19.4930463442638,0,0,Dry
2,5,5629013.38714729,6166606.7329718,2015-12-23,29.7592105333662,17.3845925966461,0,0,Dry
2,6,5654013.38714729,6166606.7329718,2015-12-23,30.2830204088702,20.6589536418424,0,0,Dry
2,7,5679013.38714729,6166606.7329718,2015-12-23,27.9628511541059,21.3296866449342,0,0,Dry
2,8,5704013.38714729,6166606.7329718,2015-12-23,32.1644471264701,21.1940101252763,1,12.1393012135953,Wet
2,1,5629013.38714729,6141606.7329718,2015-12-24,31.808718123088,16.9217633861538,0,0,Dry
2,2,5654013.38714729,6141606.7329718,2015-12-24,29.6822602332631,15.1684895793519,0,0,Dry
2,3,5679013.38714729,6141606.7329718,2015-12-24,26.4105363096735,14.2869584210982,0,0,Dry
2,4,5704013.38714729,6141606.7329718,2015-12-24,26.6289839761066,16.031713466229,0,0,Dry
2,5,5629013.38714729,6166606.7329718,2015-12-24,29.5609265427955,16.7899156870776,0,0,Dry
2,6,5654013.38714729,6166606.7329718,2015-12-24,28.5004893196644,15.0126921835267,0,0,Dry
2,7,5679013.38714729,6166606.7329718,2015-12-24,27.5394395729599,14.0631332937245,0,0,Dry
2,8,5704013.38714729,6166606.7329718,2015-12-24,24.5533506409514,14.3043689620038,0,0,Dry
2,1,5629013.38714729,6141606.7329718,2015-12-25,28.0587902503858,19.7323782130004,1,26.3876430066132,Wet
2,2,5654013.38714729,6141606.7329718,2015-12-25,29.7803273439139,22.2516286575493,1,15.5849363806554,Wet
2,3,5679013.38714729,6141606.7329718,2015-12-25,26.3798433376333,15.4778142050863,0,0,Dry
2,4,5704013.38714729,6141606.7329718,2015-12-25,24.0351199096253,19.2215395386222,1,7.56446762606178,Wet
2,5,5629013.38714729,6166606.7329718,2015-12-25,25.7031357715123,18.9776523818759,1,19.1656371396497,Wet
2,6,5654013.38714729,6166606.7329718,2015-12-25,29.5738003979514,15.1041728155423,0,0,Dry
2,7,5679013.38714729,6166606.7329718,2015-12-25,28.5406987439549,14.6452126640057,0,0,Dry
2,8,5704013.38714729,6166606.7329718,2015-12-25,21.2820295629458,10.3031221633473,0,0,Dry
2,1,5629013.38714729,6141606.7329718,2015-12-26,25.8717283258002,16.3392083590839,0,0,Dry
2,2,5654013.38714729,6141606.7329718,2015-12-26,26.4310875740605,19.003378065783,0,0,Dry
2,3,5679013.38714729,6141606.7329718,2015-12-26,29.7600431422256,19.8112108338354,0,0,Dry
2,4,5704013.38714729,6141606.7329718,2015-12-26,30.7422700005594,17.7613806601707,1,0.223748449017319,Wet
2,5,5629013.38714729,6166606.7329718,2015-12-26,26.450041514095,16.6197919706522,0,0,Dry
2,6,5654013.38714729,6166606.7329718,2015-12-26,29.1394601134228,18.5037599987114,0,0,Dry
2,7,5679013.38714729,6166606.7329718,2015-12-26,27.9506446592492,16.673748682414,0,0,Dry
2,8,5704013.38714729,6166606.7329718,2015-12-26,30.311442545953,19.6156442915068,0,0,Dry
2,1,5629013.38714729,6141606.7329718,2015-12-27,29.5587001459457,13.1815352444361,0,0,Dry
2,2,5654013.38714729,6141606.7329718,2015-12-27,27.5944223004469,14.8650011150266,0,0,Dry
2,3,5679013.38714729,6141606.7329718,2015-12-27,27.6308301402123,15.7650286588147,0,0,Dry
2,4,5704013.38714729,6141606.7329718,2015-12-27,22.9750981183532,14.2278510114974,0,0,Dry
2,5,5629013.38714729,6166606.7329718,2015-12-27,29.2290029892357,11.6493601017559,0,0,Dry
2,6,5654013.38714729,6166606.7329718,2015-12-27,27.9780808557659,15.0102989848878,0,0,Dry
2,7,5679013.38714729,6166606.7329718,2015-12-27,27.2645787811306,16.5485951024871,0,0,Dry
2,8,5704013.38714729,6166606.7329718,2015-12-27,27.3958672544026,19.419209787076,0,0,Dry
2,1,5629013.38714729,6141606.7329718,2015-12-28,30.7575522573498,22.4852667647188,0,0,Dry
2,2,5654013.38714729,6141606.7329718,2015-12-28,24.8380867553536,16.1523872939355,0,0,Dry
2,3,5679013.38714729,6141606.7329718,2015-12-28,24.8605742068854,15.1894930204853,0,0,Dry
2,4,5704013.38714729,6141606.7329718,2015-12-28,18.9284262117413,10.9337313648861,0,0,Dry
2,5,5629013.38714729,6166606.7329718,2015-12-28,31.1452990643412,17.1858864517396,0,0,Dry
2,6,5654013.38714729,6166606.7329718,2015-12-28,22.05279536905,15.7329588519414,0,0,Dry
2,7,5679013.38714729,6166606.7329718,2015-12-28,23.0084154498535,16.0546736705629,0,0,Dry
2,8,5704013.38714729,6166606.7329718,2015-12-28,25.3469308891822,17.0148747968722,0,0,Dry
2,1,5629013.38714729,6141606.7329718,2015-12-29,32.3554029722728,14.7675108805923,0,0,Dry
2,2,5654013.38714729,6141606.7329718,2015-12-29,28.7380102439097,15.0346465700614,0,0,Dry
2,3,5679013.38714729,6141606.7329718,2015-12-29,28.3361075834448,15.3693449930076,0,0,Dry
2,4,5704013.38714729,6141606.7329718,2015-12-29,27.783291190615,14.2824767215134,0,0,Dry
2,5,5629013.38714729,6166606.7329718,2015-12-29,33.5566577389485,19.2962249686244,0,0,Dry
2,6,5654013.38714729,6166606.7329718,2015-12-29,30.6299729862315,16.2728741208259,0,0,Dry
2,7,5679013.38714729,6166606.7329718,2015-12-29,31.378458093769,16.7688676189337,0,0,Dry
2,8,5704013.38714729,6166606.7329718,2015-12-29,31.4267221922832,17.3516756860474,0,0,Dry
2,1,5629013.38714729,6141606.7329718,2015-12-30,31.8957341764494,23.0492691611517,1,9.77936840656229,Wet
2,2,5654013.38714729,6141606.7329718,2015-12-30,30.3870150439707,12.5026122064911,0,0,Dry
2,3,5679013.38714729,6141606.7329718,2015-12-30,28.7345898808203,12.5058847736201,0,0,Dry
2,4,5704013.38714729,6141606.7329718,2015-12-30,29.3205903800225,13.8753291955686,0,0,Dry
2,5,5629013.38714729,6166606.7329718,2015-12-30,33.6738234459505,16.7080212392876,0,0,Dry
2,6,5654013.38714729,6166606.7329718,2015-12-30,31.5265172704014,13.9489591778147,0,0,Dry
2,7,5679013.38714729,6166606.7329718,2015-12-30,31.378161523155,12.5103936928925,0,0,Dry
2,8,5704013.38714729,6166606.7329718,2015-12-30,30.5271077870698,13.9459678191082,0,0,Dry
2,1,5629013.38714729,6141606.7329718,2015-12-31,30.5890806484786,22.3730236485231,0,0,Dry
2,2,5654013.38714729,6141606.7329718,2015-12-31,27.3611696151687,14.9164187888341,0,0,Dry
2,3,5679013.38714729,6141606.7329718,2015-12-31,25.1554631835712,13.16112562864,0,0,Dry
2,4,5704013.38714729,6141606.7329718,2015-12-31,22.4797693287421,15.7461883098836,0,0,Dry
2,5,5629013.38714729,6166606.7329718,2015-12-31,31.1304589468509,20.9609880044871,0,0,Dry
2,6,5654013.38714729,6166606.7329718,2015-12-31,26.3362129216254,11.942894112757,0,0,Dry
2,7,5679013.38714729,6166606.7329718,2015-12-31,21.3285607932154,8.11690928148392,0,0,Dry
2,8,5704013.38714729,6166606.7329718,2015-12-31,22.8807913907668,10.6432141507565,0,0,Dry
2,1,5629013.38714729,6141606.7329718,2016-01-01,31.6431666878465,20.4130339858991,1,11.2584714737439,Wet
2,2,5654013.38714729,6141606.7329718,2016-01-01,32.0323715492723,19.3392284719805,1,26.690591662801,Wet
2,3,5679013.38714729,6141606.7329718,2016-01-01,26.6701581174491,14.8678860600569,0,0,Dry
2,4,5704013.38714729,6141606.7329718,2016-01-01,25.7644144169998,16.3691832239845,0,0,Dry
2,5,5629013.38714729,6166606.7329718,2016-01-01,32.1621300370043,22.5828760555621,1,15.8808010645181,Wet
2,6,5654013.38714729,6166606.7329718,2016-01-01,31.7512623667094,17.4971637790821,1,10.9176889113955,Wet
2,7,5679013.38714729,6166606.7329718,2016-01-01,25.7491234898528,12.6021092422126,0,0,Dry
2,8,5704013.38714729,6166606.7329718,2016-01-01,25.0403897212854,17.4551929030428,0,0,Dry
2,1,5629013.38714729,6141606.7329718,2016-01-02,31.0868899249912,20.3436747921007,1,6.25454604288154,Wet
2,2,5654013.38714729,6141606.7329718,2016-01-02,29.4402364310865,20.750763729725,1,2.14628476416632,Wet
2,3,5679013.38714729,6141606.7329718,2016-01-02,24.7120130431616,14.8753055720457,0,0,Dry
2,4,5704013.38714729,6141606.7329718,2016-01-02,29.3671853102148,20.2560101455687,1,12.1675282487867,Wet
2,5,5629013.38714729,6166606.7329718,2016-01-02,32.5513086940775,22.3298129490046,1,2.59133863627913,Wet
2,6,5654013.38714729,6166606.7329718,2016-01-02,26.0057715282597,16.0442282071066,0,0,Dry
2,7,5679013.38714729,6166606.7329718,2016-01-02,25.8595073114849,16.2059200683811,0,0,Dry
2,8,5704013.38714729,6166606.7329718,2016-01-02,24.7960992281704,18.2023818947572,0,0,Dry
2,1,5629013.38714729,6141606.7329718,2016-01-03,25.8561014035398,19.3394309458708,0,0,Dry
2,2,5654013.38714729,6141606.7329718,2016-01-03,26.2218303142034,18.1078882386007,0,0,Dry
2,3,5679013.38714729,6141606.7329718,2016-01-03,24.8415103814913,17.8969261637318,0,0,Dry
2,4,5704013.38714729,6141606.7329718,2016-01-03,27.3271889511931,21.3049395305407,0,0,Dry
2,5,5629013.38714729,6166606.7329718,2016-01-03,30.1802250940702,21.7485945972769,0,0,Dry
2,6,5654013.38714729,6166606.7329718,2016-01-03,25.5596928737609,19.4857477993264,0,0,Dry
2,7,5679013.38714729,6166606.7329718,2016-01-03,26.4525292860557,20.3056459180492,0,0,Dry
2,8,5704013.38714729,6166606.7329718,2016-01-03,26.5674856327748,20.4993524183629,0,0,Dry
2,1,5629013.38714729,6141606.7329718,2016-01-04,29.198307273663,17.0367451947132,0,0,Dry
2,2,5654013.38714729,6141606.7329718,2016-01-04,30.4551262330692,20.0180432099385,0,0,Dry
2,3,5679013.38714729,6141606.7329718,2016-01-04,28.7116895716965,19.4948763729818,0,0,Dry
2,4,5704013.38714729,6141606.7329718,2016-01-04,28.4096127145416,20.2750994385417,0,0,Dry
2,5,5629013.38714729,6166606.7329718,2016-01-04,33.8719384430849,21.5701575227352,0,0,Dry
2,6,5654013.38714729,6166606.7329718,2016-01-04,29.3831007358624,21.9909092076163,0,0,Dry
2,7,5679013.38714729,6166606.7329718,2016-01-04,28.3274378336579,20.9528410994231,0,0,Dry
2,8,5704013.38714729,6166606.7329718,2016-01-04,28.2442270306321,20.7317195836905,0,0,Dry
2,1,5629013.38714729,6141606.7329718,2016-01-05,29.4086823042075,16.5300324734955,1,1.90708499330118,Wet
2,2,5654013.38714729,6141606.7329718,2016-01-05,28.1064356986239,16.6165701064286,1,19.6508436756629,Wet
2,3,5679013.38714729,6141606.7329718,2016-01-05,26.1946435085841,17.4113024330703,1,9.99317789368486,Wet
2,4,5704013.38714729,6141606.7329718,2016-01-05,26.1403689379828,20.1480608708569,1,5.98616157399098,Wet
2,5,5629013.38714729,6166606.7329718,2016-01-05,31.5272695951764,19.9813449792691,1,4.9406938891789,Wet
2,6,5654013.38714729,6166606.7329718,2016-01-05,28.2190274160929,18.3164735669591,1,14.4837761872379,Wet
2,7,5679013.38714729,6166606.7329718,2016-01-05,26.468745282883,19.1814449715147,1,3.7560054559436,Wet
2,8,5704013.38714729,6166606.7329718,2016-01-05,29.0016783961483,19.9516282328296,1,3.69361347845105,Wet
2,1,5629013.38714729,6141606.7329718,2016-01-06,28.8731019859735,25.0271776207676,0,0,Dry
2,2,5654013.38714729,6141606.7329718,2016-01-06,26.4800366157615,18.5899623531741,0,0,Dry
2,3,5679013.38714729,6141606.7329718,2016-01-06,29.326841289001,18.3019123040897,1,3.98592461184826,Wet
2,4,5704013.38714729,6141606.7329718,2016-01-06,29.3778106504111,18.0229059768842,1,5.2183812208307,Wet
2,5,5629013.38714729,6166606.7329718,2016-01-06,29.9835077981843,23.9524435571768,0,0,Dry
2,6,5654013.38714729,6166606.7329718,2016-01-06,27.4668769387174,18.0086200984405,1,7.86841341332197,Wet
2,7,5679013.38714729,6166606.7329718,2016-01-06,29.2862469805662,19.5306180550367,1,2.42560751589401,Wet
2,8,5704013.38714729,6166606.7329718,2016-01-06,33.0403731185211,20.4981501344782,0,0,Dry
2,1,5629013.38714729,6141606.7329718,2016-01-07,31.2821421980251,21.8901439419306,0,0,Dry
2,2,5654013.38714729,6141606.7329718,2016-01-07,31.3565906257837,20.6225328843903,0,0,Dry
2,3,5679013.38714729,6141606.7329718,2016-01-07,32.4865244579424,20.6560738252672,0,0,Dry
2,4,5704013.38714729,6141606.7329718,2016-01-07,29.9815407128047,16.6204212210873,1,14.6047228760047,Wet
2,5,5629013.38714729,6166606.7329718,2016-01-07,32.0454954396338,23.4803718110389,0,0,Dry
2,6,5654013.38714729,6166606.7329718,2016-01-07,28.9159781544861,18.685686005714,0,0,Dry
2,7,5679013.38714729,6166606.7329718,2016-01-07,28.9136656907455,16.7828489587419,0,0,Dry
2,8,5704013.38714729,6166606.7329718,2016-01-07,31.3675423113368,19.5325055135799,0,0,Dry
2,1,5629013.38714729,6141606.7329718,2016-01-08,32.6874062170509,20.6370729880821,0,0,Dry
2,2,5654013.38714729,6141606.7329718,2016-01-08,29.8378206924748,15.6446443432751,0,0,Dry
2,3,5679013.38714729,6141606.7329718,2016-01-08,32.6189739799802,18.0362085722549,0,0,Dry
2,4,5704013.38714729,6141606.7329718,2016-01-08,31.3023775311503,16.5765946351814,0,0,Dry
2,5,5629013.38714729,6166606.7329718,2016-01-08,30.1017093693243,20.9887578658687,0,0,Dry
2,6,5654013.38714729,6166606.7329718,2016-01-08,29.7545041163277,19.7065363419925,0,0,Dry
2,7,5679013.38714729,6166606.7329718,2016-01-08,31.3911907745659,19.724686094204,0,0,Dry
2,8,5704013.38714729,6166606.7329718,2016-01-08,33.6320193732043,21.1753097698716,0,0,Dry
2,1,5629013.38714729,6141606.7329718,2016-01-09,28.1020210676781,14.5332514381479,0,0,Dry
2,2,5654013.38714729,6141606.7329718,2016-01-09,27.4090957405738,17.0946309307169,0,0,Dry
2,3,5679013.38714729,6141606.7329718,2016-01-09,32.1933068285304,20.0815996325162,0,0,Dry
2,4,5704013.38714729,6141606.7329718,2016-01-09,29.7011412280767,16.5746446453544,0,0,Dry
2,5,5629013.38714729,6166606.7329718,2016-01-09,27.9269391368782,16.1920767460611,0,0,Dry
2,6,5654013.38714729,6166606.7329718,2016-01-09,28.0505843459255,18.0448313355953,0,0,Dry
2,7,5679013.38714729,6166606.7329718,2016-01-09,30.7125071499998,17.6187938692141,0,0,Dry
2,8,5704013.38714729,6166606.7329718,2016-01-09,31.9891828595083,18.32118982104,0,0,Dry
2,1,5629013.38714729,6141606.7329718,2016-01-10,29.0431691141883,12.7296492465121,0,0,Dry
2,2,5654013.38714729,6141606.7329718,2016-01-10,28.3162559872488,12.6609034711144,0,0,Dry
2,3,5679013.38714729,6141606.7329718,2016-01-10,28.5291388844198,12.0939514341405,0,0,Dry
2,4,5704013.38714729,6141606.7329718,2016-01-10,26.2165424218996,10.5311699496239,0,0,Dry
2,5,5629013.38714729,6166606.7329718,2016-01-10,28.6170680733488,15.1602485646096,0,0,Dry
2,6,5654013.38714729,6166606.7329718,2016-01-10,29.0039821373703,14.465165337291,0,0,Dry
2,7,5679013.38714729,6166606.7329718,2016-01-10,27.21884134588,14.2882621698221,0,0,Dry
2,8,5704013.38714729,6166606.7329718,2016-01-10,28.7536131086587,15.4307832094472,0,0,Dry
2,1,5629013.38714729,6141606.7329718,2016-01-11,34.0408337331387,16.7200012904901,0,0,Dry
2,2,5654013.38714729,6141606.7329718,2016-01-11,31.3257951928004,14.4078939382552,0,0,Dry
2,3,5679013.38714729,6141606.7329718,2016-01-11,30.4695757495037,17.8412816902081,0,0,Dry
2,4,5704013.38714729,6141606.7329718,2016-01-11,30.6285783624303,16.5091133190866,0,0,Dry
2,5,5629013.38714729,6166606.7329718,2016-01-11,34.7943285299722,17.4490704897549,0,0,Dry
2,6,5654013.38714729,6166606.7329718,2016-01-11,30.2378041341605,15.5198805692196,0,0,Dry
2,7,5679013.38714729,6166606.7329718,2016-01-11,28.5695767011214,19.8923442514693,0,0,Dry
2,8,5704013.38714729,6166606.7329718,2016-01-11,28.6104694369326,17.4954983115077,0,0,Dry
2,1,5629013.38714729,6141606.7329718,2016-01-12,32.2499850656179,17.2190865237393,0,0,Dry
2,2,5654013.38714729,6141606.7329718,2016-01-12,28.1901999319904,19.131911241861,0,0,Dry
2,3,5679013.38714729,6141606.7329718,2016-01-12,29.2949965036704,20.5613469557826,0,0,Dry
2,4,5704013.38714729,6141606.7329718,2016-01-12,30.591195343327,23.2815370028897,0,0,Dry
2,5,5629013.38714729,6166606.7329718,2016-01-12,30.5771110663255,16.1333753954049,0,0,Dry
2,6,5654013.38714729,6166606.7329718,2016-01-12,28.3269400564149,15.631583682213,0,0,Dry
2,7,5679013.38714729,6166606.7329718,2016-01-12,28.5181981385581,21.3249946879133,0,0,Dry
2,8,5704013.38714729,6166606.7329718,2016-01-12,26.6005987855541,20.0575065503771,0,0,Dry
2,1,5629013.38714729,6141606.7329718,2016-01-13,35.5040498052562,24.9009125457068,0,0,Dry
2,2,5654013.38714729,6141606.7329718,2016-01-13,31.9255964773113,21.1565900325017,0,0,Dry
2,3,5679013.38714729,6141606.7329718,2016-01-13,33.3285728931077,17.9958357537789,0,0,Dry
2,4,5704013.38714729,6141606.7329718,2016-01-13,33.6292327749462,16.2113526795796,0,0,Dry
2,5,5629013.38714729,6166606.7329718,2016-01-13,33.6297132804068,20.1894393562265,0,0,Dry
2,6,5654013.38714729,6166606.7329718,2016-01-13,30.0148538044229,14.9746432303608,0,0,Dry
2,7,5679013.38714729,6166606.7329718,2016-01-13,34.6204137621277,20.0938333894233,0,0,Dry
2,8,5704013.38714729,6166606.7329718,2016-01-13,30.2019902920977,11.9542678166299,0,0,Dry
2,1,5629013.38714729,6141606.7329718,2016-01-14,28.1047104918818,18.2728665124149,0,0,Dry
2,2,5654013.38714729,6141606.7329718,2016-01-14,26.3219117397526,16.7678529219635,0,0,Dry
2,3,5679013.38714729,6141606.7329718,2016-01-14,28.514530814775,18.3724672482708,0,0,Dry
2,4,5704013.38714729,6141606.7329718,2016-01-14,27.9331361592415,14.8169426842363,0,0,Dry
2,5,5629013.38714729,6166606.7329718,2016-01-14,28.9062449912044,19.937050012235,0,0,Dry
2,6,5654013.38714729,6166606.7329718,2016-01-14,24.945746589079,13.0800047740482,0,0,Dry
2,7,5679013.38714729,6166606.7329718,2016-01-14,28.3485750782992,16.3248981246891,0,0,Dry
2,8,5704013.38714729,6166606.7329718,2016-01-14,21.853520808796,8.09135392300211,0,0,Dry
2,1,5629013.38714729,6141606.7329718,2016-01-15,27.9242921364094,16.7582157944578,0,0,Dry
2,2,5654013.38714729,6141606.7329718,2016-01-15,27.2938174504108,18.1530638371905,0,0,Dry
2,3,5679013.38714729,6141606.7329718,2016-01-15,28.9978684007275,16.5624664711538,0,0,Dry
2,4,5704013.38714729,6141606.7329718,2016-01-15,25.6303688588622,17.350364339046,0,0,Dry
2,5,5629013.38714729,6166606.7329718,2016-01-15,26.3393376846551,16.6870275691882,0,0,Dry
2,6,5654013.38714729,6166606.7329718,2016-01-15,23.4697024831049,15.095897350321,0,0,Dry
2,7,5679013.38714729,6166606.7329718,2016-01-15,27.6905958113243,17.5746273911312,0,0,Dry
2,8,5704013.38714729,6166606.7329718,2016-01-15,22.5304362541827,12.2444025831694,0,0,Dry
